customerNumber,customerName,creditLimit,avgOrderValue,Cluster
455,Super Scale Inc.,95400.0,4139.920588,2
209,Mini Caravy,53800.0,3992.595789,2
328,Tekni Collectables Inc.,43000.0,3895.55,2
175,Gift Depot Inc.,84300.0,3816.9852,2
172,"La Corne D'abondance, Co.",84300.0,3763.196522,2
151,Muscle Machine Inc,138500.0,3706.540625,0
204,Online Mini Collectables,68700.0,3705.150667,2
333,"Australian Gift Network, Co",51600.0,3679.344,2
201,"UK Collectables, Ltd.",92700.0,3676.231724,2
381,Royale Belge,23500.0,3652.1475,2
495,Diecast Collectables,85100.0,3641.207778,2
148,"Dragon Souveniers, Ltd.",103800.0,3633.744884,2
357,GiftsForHim.com,77700.0,3631.990769,2
344,CAF Imports,59600.0,3596.241538,2
450,The Sharp Gifts Warehouse,77600.0,3588.40675,2
145,Danish Wholesale Imports,83400.0,3585.697778,2
458,"Corrida Auto Replicas, Ltd",104600.0,3513.752813,0
144,"Volvo Model Replicas, Co",53100.0,3510.253684,2
298,"Vida Sport, Ltd",141300.0,3508.965161,0
334,Suominen Souveniers,98800.0,3463.224667,0
424,Classic Legends Inc.,67500.0,3460.7165,2
128,"Blauer See Auto, Co.",59700.0,3451.716364,2
382,Salzburg Collectables,71700.0,3437.00175,2
259,"Toms Spezialitäten, Ltd",120400.0,3431.659231,0
363,Online Diecast Creations Co.,114200.0,3424.979118,0
462,FunGiftIdeas.com,85800.0,3408.749615,2
452,Mini Auto Werke,45300.0,3403.999333,2
484,"Iberia Gift Imports, Corp.",65700.0,3399.19,2
250,Lyon Souveniers,68100.0,3382.9595,2
486,Motor Mint Distributors Inc.,72600.0,3379.416957,2
157,Diecast Classics Inc.,100600.0,3366.409355,0
475,West Coast Collectables Co.,55400.0,3365.286154,2
167,Herkku Gifts,96800.0,3364.223103,0
385,Cruz & Sons Co.,81500.0,3364.165385,2
323,"Down Under Souveniers, Inc",88000.0,3361.349565,0
286,Marta's Replicas Co.,123700.0,3353.532222,0
227,Heintze Collectables,120800.0,3329.992593,0
398,"Tokyo Collectables, Ltd",94400.0,3298.397813,0
124,Mini Gifts Distributors Ltd.,210500.0,3287.929667,0
114,"Australian Collectors, Co.",117300.0,3283.364909,0
256,Auto Associés & Cie.,77900.0,3270.911667,0
121,Baane Mini Imports,81700.0,3257.024688,0
362,Gifts4AllAges.com,41900.0,3243.858462,1
321,Corporate Gift Ideas Co.,105000.0,3227.823902,0
386,L'ordine Souveniers,121400.0,3218.091538,0
239,Collectable Mini Designs Co.,105000.0,3215.0096,0
406,Auto Canal+ Petit,95000.0,3201.369259,0
103,Atelier graphique,21000.0,3187.765714,1
202,Canadian Gift Exchange Network,90300.0,3187.372273,0
186,"Toys of Finland, Co.",96500.0,3184.882,0
448,Scandinavian Gift Ideas,116400.0,3182.724474,0
146,"Saveley & Henriot, Co.",123900.0,3178.179268,0
129,Mini Wheels Co.,64600.0,3176.693333,1
473,Frau da Collezione,34800.0,3169.79,1
141,Euro+ Shopping Channel,227600.0,3168.685483,0
249,Amica Models & Co.,113000.0,3162.431923,0
233,Québec Home Shopping Network,48700.0,3135.348636,1
205,Toys4GrownUps.com,90700.0,3126.776667,0
189,"Clover Collections, Co.",69400.0,3118.641875,1
177,Osaka Souveniers Co.,81200.0,3118.061,1
412,"Extreme Desk Decorations, Ltd",86800.0,3114.909655,1
324,"Stylish Desk Decors, Co.",77000.0,3098.335769,1
353,Reims Collectables,81100.0,3097.150976,1
171,Daedalus Designs Imports,82900.0,3089.085,1
161,Technics Stores Inc.,84600.0,3074.859412,1
379,Collectables For Less Inc.,70700.0,3063.902083,1
131,Land of Toys Inc.,114900.0,3042.554082,0
242,Alpha Cognac,61100.0,3024.168,1
319,Mini Classics,102700.0,3016.621538,0
166,Handji Gifts& Co,97900.0,2992.965278,1
119,La Rochelle Gifts,118200.0,2991.94566,0
311,"Oulu Toy Supplies, Inc.",90500.0,2990.817188,1
216,Enaco Distributors,60300.0,2979.15087,1
276,"Anna's Decorations, Ltd",107800.0,2979.004783,0
347,"Men 'R' US Retailers, Ltd.",57700.0,2964.727857,1
173,Cambridge Collectables Co.,43400.0,2927.153636,1
456,Microscale Inc.,39800.0,2923.043,1
282,Souveniers And Things Co.,93300.0,2911.024348,1
320,Mini Creations Ltd.,94500.0,2910.643429,1
187,"AV Stores, Co.",136800.0,2910.001765,0
181,Vitachrome Inc.,76400.0,2899.9056,1
299,"Norway Gifts By Mail, Co.",95100.0,2877.46,1
496,Kelly's Gift Shop,110000.0,2863.766458,1
350,Marseille Mini Autos,65000.0,2861.9012,1
211,"King Kong Collectables, Co.",58600.0,2842.549375,1
487,Signal Collectibles Ltd.,60300.0,2838.024667,1
314,Petit Auto,79900.0,2834.0632,1
112,Signal Gift Stores,71800.0,2764.861379,1
240,giftsbymail.co.uk,93900.0,2760.913462,1
339,"Classic Gift Ideas, Inc",81100.0,2759.01619,1
198,Auto-Moto Classics Inc.,23000.0,2694.2825,1
278,Rovelli Gifts,119600.0,2656.868542,1
219,Boards & Toys Co.,11000.0,2639.533333,1
447,Gift Ideas Corp.,49700.0,2629.883158,1
260,"Royal Canadian Collectables, Ltd.",89600.0,2569.692308,1
489,"Double Decker Gift Stores, Ltd",43300.0,2465.5125,1
471,"Australian Collectables, Ltd",60300.0,2428.957391,1
415,"Bavarian Collectables Imports, Co.",77000.0,2236.435,1
