customerNumber,customerName,creditLimit,avgOrderValue
455,"Super Scale Inc.",95400.00,4139.920588
209,"Mini Caravy",53800.00,3992.595789
328,"Tekni Collectables Inc.",43000.00,3895.550000
175,"Gift Depot Inc.",84300.00,3816.985200
172,"La Corne D'abondance, Co.",84300.00,3763.196522
151,"Muscle Machine Inc",138500.00,3706.540625
204,"Online Mini Collectables",68700.00,3705.150667
333,"Australian Gift Network, Co",51600.00,3679.344000
201,"UK Collectables, Ltd.",92700.00,3676.231724
381,"Royale Belge",23500.00,3652.147500
495,"Diecast Collectables",85100.00,3641.207778
148,"Dragon Souveniers, Ltd.",103800.00,3633.744884
357,GiftsForHim.com,77700.00,3631.990769
344,"CAF Imports",59600.00,3596.241538
450,"The Sharp Gifts Warehouse",77600.00,3588.406750
145,"Danish Wholesale Imports",83400.00,3585.697778
458,"Corrida Auto Replicas, Ltd",104600.00,3513.752813
144,"Volvo Model Replicas, Co",53100.00,3510.253684
298,"Vida Sport, Ltd",141300.00,3508.965161
334,"Suominen Souveniers",98800.00,3463.224667
424,"Classic Legends Inc.",67500.00,3460.716500
128,"Blauer See Auto, Co.",59700.00,3451.716364
382,"Salzburg Collectables",71700.00,3437.001750
259,"Toms Spezialitäten, Ltd",120400.00,3431.659231
363,"Online Diecast Creations Co.",114200.00,3424.979118
462,FunGiftIdeas.com,85800.00,3408.749615
452,"Mini Auto Werke",45300.00,3403.999333
484,"Iberia Gift Imports, Corp.",65700.00,3399.190000
250,"Lyon Souveniers",68100.00,3382.959500
486,"Motor Mint Distributors Inc.",72600.00,3379.416957
157,"Diecast Classics Inc.",100600.00,3366.409355
475,"West Coast Collectables Co.",55400.00,3365.286154
167,"Herkku Gifts",96800.00,3364.223103
385,"Cruz & Sons Co.",81500.00,3364.165385
323,"Down Under Souveniers, Inc",88000.00,3361.349565
286,"Marta's Replicas Co.",123700.00,3353.532222
227,"Heintze Collectables",120800.00,3329.992593
398,"Tokyo Collectables, Ltd",94400.00,3298.397813
124,"Mini Gifts Distributors Ltd.",210500.00,3287.929667
114,"Australian Collectors, Co.",117300.00,3283.364909
256,"Auto Associés & Cie.",77900.00,3270.911667
121,"Baane Mini Imports",81700.00,3257.024688
362,Gifts4AllAges.com,41900.00,3243.858462
321,"Corporate Gift Ideas Co.",105000.00,3227.823902
386,"L'ordine Souveniers",121400.00,3218.091538
239,"Collectable Mini Designs Co.",105000.00,3215.009600
406,"Auto Canal+ Petit",95000.00,3201.369259
103,"Atelier graphique",21000.00,3187.765714
202,"Canadian Gift Exchange Network",90300.00,3187.372273
186,"Toys of Finland, Co.",96500.00,3184.882000
448,"Scandinavian Gift Ideas",116400.00,3182.724474
146,"Saveley & Henriot, Co.",123900.00,3178.179268
129,"Mini Wheels Co.",64600.00,3176.693333
473,"Frau da Collezione",34800.00,3169.790000
141,"Euro+ Shopping Channel",227600.00,3168.685483
249,"Amica Models & Co.",113000.00,3162.431923
233,"Québec Home Shopping Network",48700.00,3135.348636
205,Toys4GrownUps.com,90700.00,3126.776667
189,"Clover Collections, Co.",69400.00,3118.641875
177,"Osaka Souveniers Co.",81200.00,3118.061000
412,"Extreme Desk Decorations, Ltd",86800.00,3114.909655
324,"Stylish Desk Decors, Co.",77000.00,3098.335769
353,"Reims Collectables",81100.00,3097.150976
171,"Daedalus Designs Imports",82900.00,3089.085000
161,"Technics Stores Inc.",84600.00,3074.859412
379,"Collectables For Less Inc.",70700.00,3063.902083
131,"Land of Toys Inc.",114900.00,3042.554082
242,"Alpha Cognac",61100.00,3024.168000
319,"Mini Classics",102700.00,3016.621538
166,"Handji Gifts& Co",97900.00,2992.965278
119,"La Rochelle Gifts",118200.00,2991.945660
311,"Oulu Toy Supplies, Inc.",90500.00,2990.817188
216,"Enaco Distributors",60300.00,2979.150870
276,"Anna's Decorations, Ltd",107800.00,2979.004783
347,"Men 'R' US Retailers, Ltd.",57700.00,2964.727857
173,"Cambridge Collectables Co.",43400.00,2927.153636
456,"Microscale Inc.",39800.00,2923.043000
282,"Souveniers And Things Co.",93300.00,2911.024348
320,"Mini Creations Ltd.",94500.00,2910.643429
187,"AV Stores, Co.",136800.00,2910.001765
181,"Vitachrome Inc.",76400.00,2899.905600
299,"Norway Gifts By Mail, Co.",95100.00,2877.460000
496,"Kelly's Gift Shop",110000.00,2863.766458
350,"Marseille Mini Autos",65000.00,2861.901200
211,"King Kong Collectables, Co.",58600.00,2842.549375
487,"Signal Collectibles Ltd.",60300.00,2838.024667
314,"Petit Auto",79900.00,2834.063200
112,"Signal Gift Stores",71800.00,2764.861379
240,giftsbymail.co.uk,93900.00,2760.913462
339,"Classic Gift Ideas, Inc",81100.00,2759.016190
198,"Auto-Moto Classics Inc.",23000.00,2694.282500
278,"Rovelli Gifts",119600.00,2656.868542
219,"Boards & Toys Co.",11000.00,2639.533333
447,"Gift Ideas Corp.",49700.00,2629.883158
260,"Royal Canadian Collectables, Ltd.",89600.00,2569.692308
489,"Double Decker Gift Stores, Ltd",43300.00,2465.512500
471,"Australian Collectables, Ltd",60300.00,2428.957391
415,"Bavarian Collectables Imports, Co.",77000.00,2236.435000
