productCode,productName,MSRP,salesFrequency
S18_3232,"1992 Ferrari 360 Spider red",169.34,53
S24_1937,"1939 Chevrolet Deluxe Coupe",33.19,28
S24_2840,"1958 Chevy Corvette Limited Edition",35.36,28
S50_1341,"1930 Buick Marquette Phaeton",43.64,28
S24_2022,"1938 Cadillac V-16 Presidential Limousine",44.80,28
S72_1253,"Boeing X-32A JSF",49.66,28
S18_4668,"1939 Cadillac Limousine",50.31,28
S18_1367,"1936 Mercedes-Benz 500K Special Roadster",53.91,28
S32_2509,"1954 Greyhound Scenicruiser",54.11,28
S24_1444,"1970 Dodge Coronet",57.80,28
S18_2625,"1936 Harley Davidson El Knucklehead",60.57,28
S18_2432,"1926 Ford Fire Engine",60.77,28
S18_2957,"1934 Ford V8 Coupe",62.46,28
S32_3522,"1996 Peterbilt 379 Stake Bed with Outrigger",64.64,28
S24_3420,"1937 Horch 930V Limousine",65.75,28
S24_3949,"Corsair F4U ( Bird Cage)",68.24,28
S24_2841,"1900s Vintage Bi-Plane",68.51,28
S32_4289,"1928 Ford Phaeton Deluxe",68.79,28
S24_4278,"1900s Vintage Tri-Plane",72.45,28
S700_4002,"American Airlines: MD-11S",74.03,28
S24_2000,"1960 BSA Gold Star DBD34",76.17,28
S700_3167,"F/A 18 Hornet 1/72",80.00,28
S24_3816,"1940 Ford Delivery Sedan",83.86,28
S18_2581,"P-51-D Mustang",84.48,28
S18_3029,"1999 Yamaha Speed Boat",86.02,28
S700_2047,"HMS Bounty",90.52,28
S700_1691,"American Airlines: B767-300",91.34,28
S10_1678,"1969 Harley Davidson Ultimate Chopper",95.70,28
S32_1268,"1980’s GM Manhattan Express",96.31,28
S24_4258,"1936 Chrysler Airflow",97.39,28
S18_3320,"1917 Maxwell Touring Car",99.21,28
S700_2466,"America West Airlines B757-200",99.72,28
S32_1374,"1997 BMW F650 ST",99.89,28
S700_2824,"1982 Camaro Z28",101.15,28
S18_2949,"1913 Ford Model T Speedster",101.31,28
S18_1342,"1937 Lincoln Berline",102.74,28
S18_3136,"18th Century Vintage Horse Carriage",104.72,28
S18_3856,"1941 Chevrolet Special Deluxe Cabriolet",105.87,28
S24_1785,"1928 British Royal Navy Airplane",109.42,28
S24_1578,"1997 BMW R 1100 S",112.70,28
S50_1392,"Diamond T620 Semi-Skirted Tanker",115.75,28
S18_1097,"1940 Ford Pickup Truck",116.67,28
S12_4473,"1957 Chevy Pickup",118.50,28
S700_2834,"ATA: B757-300",118.65,28
S10_2016,"1996 Moto Guzzi 1100i",118.94,28
S18_4600,"1940s Ford truck",121.08,28
S18_2319,"1964 Mercedes Tour Bus",122.73,28
S18_2325,"1932 Model A Ford J-Coupe",127.13,28
S24_2300,"1962 Volkswagen Microbus",127.79,28
S10_4757,"1972 Alfa Romeo GTA",136.00,28
S12_1666,"1958 Setra Bus",136.67,28
S10_4962,"1962 LanciaA Delta 16V",147.74,28
S12_2823,"2002 Suzuki XREO",150.62,28
S18_1662,"1980s Black Hawk Helicopter",157.69,28
S18_2238,"1998 Chrysler Plymouth Prowler",163.73,28
S18_2795,"1928 Mercedes-Benz SSK",168.75,28
S10_4698,"2003 Harley-Davidson Eagle Drag Bike",193.66,28
S10_1949,"1952 Alpine Renault 1300",214.30,28
S24_2972,"1982 Lamborghini Diablo",37.76,27
S32_2206,"1982 Ducati 996 R",40.23,27
S72_3212,"Pont Yacht",54.60,27
S50_1514,"1962 City of Detroit Streetcar",58.58,27
S24_3371,"1971 Alpine Renault 1600s",61.23,27
S32_3207,"1950's Chicago Surface Lines Streetcar",62.14,27
S18_3782,"1957 Vespa GS150",62.17,27
S700_1138,"The Schooner Bluenose",66.67,27
S24_2360,"1982 Ducati 900 Monster",69.26,27
S700_2610,"The USS Constitution Ship",72.28,27
S18_1889,"1948 Porsche 356-A Roadster",77.00,27
S12_3990,"1970 Plymouth Hemi Cuda",79.80,27
S18_3278,"1969 Dodge Super Bee",80.41,27
S24_4620,"1961 Chevrolet Impala",80.84,27
S50_4713,"2002 Yamaha YZR M1",81.36,27
S700_1938,"The Mayflower",86.61,27
S18_4522,"1904 Buick Runabout",87.77,27
S24_3151,"1912 Ford Model T Delivery Wagon",88.51,27
S700_3962,"The Queen Mary",99.31,27
S700_3505,"The Titanic",100.17,27
S18_3259,"Collectable Wooden Train",100.84,27
S32_4485,"1974 Ducati 350 Mk3 Desmo",102.05,27
S12_4675,"1969 Dodge Charger",115.16,27
S12_3380,"1968 Dodge Charger",117.44,27
S24_4048,"1992 Porsche Cayenne Turbo Silver",118.28,27
S24_2011,"18th century schooner",122.89,27
S18_3140,"1903 Ford Model A",136.59,27
S24_3856,"1956 Porsche 356A Coupe",140.43,27
S18_1129,"1993 Mazda RX-7",141.54,27
S18_1984,"1995 Honda Civic",142.25,27
S18_4027,"1970 Triumph Spitfire",143.62,27
S18_3482,"1976 Ford Gran Torino",146.99,27
S18_4721,"1957 Corvette Convertible",148.80,27
S12_3148,"1969 Corvair Monza",151.08,27
S12_3891,"1969 Ford Falcon",173.02,27
S12_1099,"1968 Ford Mustang",194.57,27
S12_1108,"2001 Ferrari Enzo",207.80,27
S24_3969,"1936 Mercedes Benz 500k Roadster",41.03,25
S24_1628,"1966 Shelby Cobra 427 S/C",50.31,25
S18_2248,"1911 Ford Town Car",60.54,25
S24_1046,"1970 Chevy Chevelle SS 454",73.49,25
S24_3191,"1969 Chevrolet Camaro Z28",85.61,25
S24_2766,"1949 Jaguar XK 120",90.87,25
S18_4409,"1932 Alfa Romeo 8C2300 Spider Sport",92.03,25
S24_3432,"2002 Chevy Corvette",107.08,25
S18_1589,"1965 Aston Martin DB5",124.44,25
S18_2870,"1999 Indy 500 Monte Carlo SS",132.00,25
S18_3685,"1948 Porsche Type 356 Roadster",141.28,25
S18_1749,"1917 Grand Touring Sedan",170.00,25
S18_4933,"1957 Ford Thunderbird",71.27,24
S24_2887,"1952 Citroen-15CV",117.44,24
